"DESCRIPTION","DURATION IN MS","NAME","PARENT SUITE","START TIME","STATUS","STOP TIME","SUB SUITE","SUITE","TEST CLASS","TEST METHOD"
"","1","returns LOW when stale, even with a CRITICAL category","assignSeverity","2026-10-09","passed","2026-10-09","","stale precedence (lastSeenAt > 30 days ago)","",""
"","45","200 returns RunResponse on hit","test-run query endpoints (integration)","2026-10-09","passed","2026-10-09","","GET /api/v1/projects/:projectId/runs/:runId","",""
"","238","200 returns patterns ordered by occurrenceCount DESC","GET /api/v1/projects/:projectId/failure-patterns (integration)","2026-10-09","passed","2026-10-09","","","",""
"","25","404 PROJECT_NOT_FOUND for unknown projectId","GET /api/v1/projects/:projectId/overview (integration)","2026-10-09","passed","2026-10-09","","","",""
"","2","can run TypeScript tests","Jest setup","2026-10-09","passed","2026-10-09","","","",""
"","1","leaves failureMessage undefined when failureMessages is absent","jestAdapter","2026-10-09","passed","2026-10-09","","failureMessage extraction","",""
"","1","rejects unknown strings","isTestCaseStatus","2026-10-09","passed","2026-10-09","","","",""
"","2","counts PASSED/FAILED/SKIPPED and sets status = FAILED when any failed","ingestTestRun","2026-10-09","passed","2026-10-09","","derived run fields","",""
"","24","extracts a failure pattern from a JUnit XML upload","POST /api/v1/projects/:projectId/ingest (integration)","2026-10-09","passed","2026-10-09","","failure pattern extraction","",""
"","1","skips FAILED cases with no failureMessage AND no failureType (no signal)","extractFailurePatterns","2026-10-09","passed","2026-10-09","","","",""
"","1","maps Playwright status passed to PASSED","playwrightAdapter","2026-10-09","passed","2026-10-09","","status mapping","",""
"","1","supports ES module syntax","Jest setup","2026-10-09","passed","2026-10-09","","","",""
"","4","emits BOTH BROKEN_TESTS_PRESENT and BROKEN_TESTS_THRESHOLD at brokenTestCount=3","detectIssues","2026-10-09","passed","2026-10-09","","BROKEN_TESTS_PRESENT / BROKEN_TESTS_THRESHOLD","",""
"","1","applies defaults (page=1, limit=50) when input is empty and computes offset=0","listProjects","2026-10-09","passed","2026-10-09","","","",""
"","1","returns null for unmapped input: undefined","toDomainError","2026-10-09","passed","2026-10-09","","","",""
"","39","returns the project for a known id","PgProjectRepository (integration)","2026-10-09","passed","2026-10-09","","findById","",""
"","2","maps UniqueConstraintError(projects_slug_key) to 409 DUPLICATE_PROJECT_SLUG","error-handler plugin","2026-10-09","passed","2026-10-09","","within /api/v1","",""
"","23","rejects page=0 (below minimum)","GET /api/v1/projects (integration)","2026-10-09","passed","2026-10-09","","400 VALIDATION_ERROR","",""
"","0","leaves failureMessage undefined when failureMessages is empty array","jestAdapter","2026-10-09","passed","2026-10-09","","failureMessage extraction","",""
"","0","rejects unknown strings","isReliabilityState","2026-10-09","passed","2026-10-09","","","",""
"","60","returns a valid ISO 8601 timestamp","GET /health","2026-10-09","passed","2026-10-09","","when the database is reachable","",""
"","34","surfaces the exact pattern string and severity in topFailurePatterns after ingestion","GET /api/v1/projects/:projectId/overview (integration)","2026-10-09","passed","2026-10-09","","topFailurePatterns and topCriticalIssues","",""
"","2","maps Playwright status interrupted to FAILED","playwrightAdapter","2026-10-09","passed","2026-10-09","","status mapping","",""
"","29","returns cases ordered by parent run executed_at DESC","PgTestCaseRepository (integration)","2026-10-09","passed","2026-10-09","","findRecentByFullName","",""
"","1","converts time attribute (seconds) to durationMs (ms, rounded)","junitXmlAdapter","2026-10-09","passed","2026-10-09","","duration","",""
"","44","creates a project with name, slug, and description and returns the success envelope","POST /api/v1/projects (integration)","2026-10-09","passed","2026-10-09","","201 happy path","",""
"","1","maps a <failure> child element to FAILED","junitXmlAdapter","2026-10-09","passed","2026-10-09","","status mapping","",""
"","2","throws 404 when project does not exist","listRuns","2026-10-09","passed","2026-10-09","","","",""
"","24","returns [] when no cases match","PgTestCaseRepository (integration)","2026-10-09","passed","2026-10-09","","findRecentByFullName","",""
"","22","400 VALIDATION_ERROR for invalid days","GET /api/v1/projects/:projectId/health (integration)","2026-10-09","passed","2026-10-09","","","",""
"","1","does not call upsertByPattern when every case is filtered out","extractFailurePatterns","2026-10-09","passed","2026-10-09","","","",""
"","1","detects network category from ""connection refused""","extractPattern","2026-10-09","passed","2026-10-09","","category detection","",""
"","1","maps a foreign key violation to ForeignKeyError with constraint","toDomainError","2026-10-09","passed","2026-10-09","","","",""
"","1","produces the same pattern for two messages differing only in line number","extractPattern","2026-10-09","passed","2026-10-09","","pattern stability","",""
"","4","does not allow overrides to override projectId — input.projectId wins","ingestTestRun","2026-10-09","passed","2026-10-09","","overrides merging","",""
"","1","throws IngestionFailedError on unrecognised Jest status","jestAdapter","2026-10-09","passed","2026-10-09","","error cases","",""
"","1","detects network category from fetch failure","extractPattern","2026-10-09","passed","2026-10-09","","category detection","",""
"","1","detects assertion category from ""to equal""","extractPattern","2026-10-09","passed","2026-10-09","","category detection","",""
"","1","returns BROKEN when all results are FAILED","classifyReliability","2026-10-09","passed","2026-10-09","","BROKEN classifications","",""
"","5","aggregates every warning and critical code when all conditions fire","detectIssues","2026-10-09","passed","2026-10-09","","compound inputs","",""
"","1","asks patternRepo for 50 patterns even though only 5 are surfaced","getProjectOverview","2026-10-09","passed","2026-10-09","","topFailurePatterns and topCriticalIssues","",""
"","26","rejects creating a second project with the same slug","POST /api/v1/projects (integration)","2026-10-09","passed","2026-10-09","","409 DUPLICATE_PROJECT_SLUG","",""
"","1","serializes createdAt and updatedAt as ISO 8601 strings","listProjects","2026-10-09","passed","2026-10-09","","","",""
"","1","maps Jest status todo to SKIPPED","jestAdapter","2026-10-09","passed","2026-10-09","","status mapping","",""
"","2","throws IngestionFailedError when a testcase has no name attribute","junitXmlAdapter","2026-10-09","passed","2026-10-09","","error cases","",""
"","20","rejects limit=0 (below minimum)","GET /api/v1/projects (integration)","2026-10-09","passed","2026-10-09","","400 VALIDATION_ERROR","",""
"","10","throws IngestionFailedError when a case has an unrecognised status","canonicalJsonAdapter","2026-10-09","passed","2026-10-09","","defensive validation","",""
"","1","returns a string","normalizeFullName","2026-10-09","passed","2026-10-09","","","",""
"","47","returns items ordered by createdAt DESC (newest first)","PgProjectRepository (integration)","2026-10-09","passed","2026-10-09","","list","",""
"","1","slices topCriticalIssues to 3 even when more critical conditions fire","getProjectOverview","2026-10-09","passed","2026-10-09","","topFailurePatterns and topCriticalIssues","",""
"","0","returns false for non-pg-shaped input: undefined","isUniqueViolation","2026-10-09","passed","2026-10-09","","","",""
"","1","returns an envelope with exactly one key","success","2026-10-09","passed","2026-10-09","","","",""
"","1","returns MEDIUM at 19 with timeout (below both the elevated and HIGH thresholds)","assignSeverity","2026-10-09","passed","2026-10-09","","CRITICAL — occurrenceCount >= 25 with elevated category","",""
"","1","detects timeout category from the word ""timeout""","extractPattern","2026-10-09","passed","2026-10-09","","category detection","",""
"","25","excludes runs from other projects","PgTestRunRepository (integration)","2026-10-09","passed","2026-10-09","","countByProject","",""
"","6","returns mapped CaseResponse[] on happy path","getRunCases","2026-10-09","passed","2026-10-09","","","",""
"","0","returns false for non-pg-shaped input: {}","isForeignKeyViolation","2026-10-09","passed","2026-10-09","","","",""
"","1","returns CRITICAL at 25 with network category","assignSeverity","2026-10-09","passed","2026-10-09","","CRITICAL — occurrenceCount >= 25 with elevated category","",""
"","1","accepts jest","isSourceType","2026-10-09","passed","2026-10-09","","","",""
"","1","emits BROKEN_TESTS_PRESENT warning when one test is BROKEN","getProjectHealth","2026-10-09","passed","2026-10-09","","warnings and critical issues","",""
"","1","scrubs URL query strings while preserving the base URL","extractPattern","2026-10-09","passed","2026-10-09","","happy path — scrubbing volatile substrings","",""
"","24","200 HEALTHY when there are no runs in the window","GET /api/v1/projects/:projectId/health (integration)","2026-10-09","passed","2026-10-09","","","",""
"","1","throws 404 when project does not exist","getRunCases","2026-10-09","passed","2026-10-09","","","",""
"","1","treats empty-string suiteName as absent","normalizeFullName","2026-10-09","passed","2026-10-09","","","",""
"","1","uses testName as fullName when suiteName is absent","canonicalJsonAdapter","2026-10-09","passed","2026-10-09","","fullName normalization","",""
"","0","returns false for non-pg-shaped input: null","isUniqueViolation","2026-10-09","passed","2026-10-09","","","",""
"","1","preserves status ERROR through parse","canonicalJsonAdapter","2026-10-09","passed","2026-10-09","","status round-trip","",""
"","31","emits BROKEN_TESTS_PRESENT warning when a test is BROKEN","GET /api/v1/projects/:projectId/health (integration)","2026-10-09","passed","2026-10-09","","warnings and critical issues","",""
"","1","accepts WARNING","isProjectHealthStatus","2026-10-09","passed","2026-10-09","","","",""
"","47","round-trips nested JSONB metadata","PgTestRunRepository (integration)","2026-10-09","passed","2026-10-09","","create","",""
"","10","returns HEALTHY at the exact HEALTHY ceiling (failureRate = 0.05, brokenTestCount = 0, flakyTestCount = 5)","evaluateHealth","2026-10-09","passed","2026-10-09","","HEALTHY","",""
"","2","classifies states correctly (FLAKY for mixed, BROKEN for all failed)","getFlakyTests","2026-10-09","passed","2026-10-09","","","",""
"","24","applies the default cap (50) when opts is omitted","PgFailurePatternRepository (integration)","2026-10-09","passed","2026-10-09","","listByProject","",""
"","0","returns CRITICAL at 51 with assertion category","assignSeverity","2026-10-09","passed","2026-10-09","","CRITICAL — occurrenceCount >= 50","",""
"","23","returns 404 with the PROJECT_NOT_FOUND envelope for an unknown UUID","GET /api/v1/projects/:projectId (integration)","2026-10-09","passed","2026-10-09","","404 PROJECT_NOT_FOUND","",""
"","72","returns status ok and database connected","GET /health","2026-10-09","passed","2026-10-09","","when the database is reachable","",""
"","1","omits durationMs when time is absent","junitXmlAdapter","2026-10-09","passed","2026-10-09","","duration","",""
"","1","emits HIGH_SEVERITY_PATTERN once per HIGH pattern","detectIssues","2026-10-09","passed","2026-10-09","","HIGH_SEVERITY_PATTERN / CRITICAL_SEVERITY_PATTERN","",""
"","2","returns true for an error with code 23505","isUniqueViolation","2026-10-09","passed","2026-10-09","","","",""
"","1","forwards limit to the repository","getFailurePatterns","2026-10-09","passed","2026-10-09","","","",""
"","2","accepts a single <testsuite> as the root (no wrapper)","junitXmlAdapter","2026-10-09","passed","2026-10-09","","root format variants","",""
"","4","returns mapped items, total, page, and limit (happy path)","listProjects","2026-10-09","passed","2026-10-09","","","",""
"","1","returns CRITICAL at exactly 50, any category","assignSeverity","2026-10-09","passed","2026-10-09","","CRITICAL — occurrenceCount >= 50","",""
"","1","scrubs free numerics ≥ 3 digits","extractPattern","2026-10-09","passed","2026-10-09","","happy path — scrubbing volatile substrings","",""
"","34","201 creates a run from a Jest JSON file upload","POST /api/v1/projects/:projectId/ingest (integration)","2026-10-09","passed","2026-10-09","","multipart path (multipart/form-data)","",""
"","1","preserves code and message strings verbatim","failure","2026-10-09","passed","2026-10-09","","","",""
"","0","returns null for unmapped input: {}","toDomainError","2026-10-09","passed","2026-10-09","","","",""
"","1","passes the same TxClient to runRepo.create, caseRepo.createMany, and patternRepo.upsertByPattern","ingestTestRun","2026-10-09","passed","2026-10-09","","failure pattern extraction","",""
"","3","contains the spec-defined values in order","PROJECT_HEALTH_STATUSES","2026-10-09","passed","2026-10-09","","","",""
"","1","forwards extracted category to the repo (timeout)","extractFailurePatterns","2026-10-09","passed","2026-10-09","","","",""
"","0","returns false for non-pg-shaped input: null","isForeignKeyViolation","2026-10-09","passed","2026-10-09","","","",""
"","1","omits suiteName when testsuite has no name attribute","junitXmlAdapter","2026-10-09","passed","2026-10-09","","suiteName and fullName","",""
"","1","returns an envelope with exactly one top-level key","failure","2026-10-09","passed","2026-10-09","","","",""
"","3","returns LOW when stale, even with 1000 occurrences","assignSeverity","2026-10-09","passed","2026-10-09","","stale precedence (lastSeenAt > 30 days ago)","",""
"","57","returns the correct total count across all rows","PgProjectRepository (integration)","2026-10-09","passed","2026-10-09","","list","",""
"","1","preserves the suiteName verbatim including embedded separators","normalizeFullName","2026-10-09","passed","2026-10-09","","","",""
"","2","contains the spec-defined values in order","TEST_RUN_STATUSES","2026-10-09","passed","2026-10-09","","","",""
"","2","emits CRITICAL_SEVERITY_PATTERN critical when a CRITICAL pattern exists","getProjectHealth","2026-10-09","passed","2026-10-09","","warnings and critical issues","",""
"","1","rejects unknown strings","isSourceType","2026-10-09","passed","2026-10-09","","","",""
"","85","respects the project boundary","PgTestCaseRepository (integration)","2026-10-09","passed","2026-10-09","","findRecentByFullName","",""
"","23","400 VALIDATION_ERROR for limit out of bounds","test-run query endpoints (integration)","2026-10-09","passed","2026-10-09","","GET /api/v1/projects/:projectId/runs","",""
"","1","returns { items: [] } when no patterns exist","getFailurePatterns","2026-10-09","passed","2026-10-09","","","",""
"","24","normalises a missing description to undefined (not null)","PgProjectRepository (integration)","2026-10-09","passed","2026-10-09","","create","",""
"","3","emits BROKEN_TESTS_THRESHOLD critical when three tests are BROKEN","getProjectHealth","2026-10-09","passed","2026-10-09","","warnings and critical issues","",""
"","45","orders items by createdAt DESC (most recent first)","GET /api/v1/projects (integration)","2026-10-09","passed","2026-10-09","","200 success","",""
"","1","emits BOTH FLAKY_TESTS_MODERATE and FLAKY_TESTS_HIGH at flakyTestCount=16","detectIssues","2026-10-09","passed","2026-10-09","","FLAKY_TESTS_MODERATE / FLAKY_TESTS_HIGH","",""
"","1","maps a unique violation to UniqueConstraintError with constraint and detail","toDomainError","2026-10-09","passed","2026-10-09","","","",""
"","23","400 when the file part is missing","POST /api/v1/projects/:projectId/ingest (integration)","2026-10-09","passed","2026-10-09","","multipart path (multipart/form-data)","",""
"","1","returns false for non-pg-shaped input: 42","isForeignKeyViolation","2026-10-09","passed","2026-10-09","","","",""
"","1","handles three-level nesting","playwrightAdapter","2026-10-09","passed","2026-10-09","","suite hierarchy","",""
"","22","increments occurrenceCount on conflict (second upsert → 2)","PgFailurePatternRepository (integration)","2026-10-09","passed","2026-10-09","","upsertByPattern","",""
"","2","uses projectId and sourceType from input, not from adapter output","ingestTestRun","2026-10-09","passed","2026-10-09","","field injection from input","",""
"","0","scrubs ISO timestamps from messages","extractPattern","2026-10-09","passed","2026-10-09","","happy path — scrubbing volatile substrings","",""
"","26","returns a single summary with passCount when one test passes once","PgTestCaseRepository (integration)","2026-10-09","passed","2026-10-09","","computeReliabilitySummaries","",""
"","1","attempts ROLLBACK, releases, and rethrows the COMMIT error","withTransaction","2026-10-09","passed","2026-10-09","","when COMMIT throws after fn succeeds","",""
"","5","runs BEGIN, awaits fn, runs COMMIT, releases, and returns the result","withTransaction","2026-10-09","passed","2026-10-09","","happy path","",""
"","4","maps DailyFailureBucket[] to FailureTrendItem[] on happy path","getFailureTrends","2026-10-09","passed","2026-10-09","","","",""
"","2","falls back to the message attribute when element text is absent","junitXmlAdapter","2026-10-09","passed","2026-10-09","","failure and error extraction","",""
"","1","parses startTime as a unix epoch ms number","jestAdapter","2026-10-09","passed","2026-10-09","","executedAt","",""
"","1","returns { items: [] } when no buckets exist","getFailureTrends","2026-10-09","passed","2026-10-09","","","",""
"","1","returns true for an error with code 23503","isForeignKeyViolation","2026-10-09","passed","2026-10-09","","","",""
"","0","extracts the first error message from the final failed result via errors[]","playwrightAdapter","2026-10-09","passed","2026-10-09","","failure message extraction","",""
"","1","processes both specs and child suites within the same suite","playwrightAdapter","2026-10-09","passed","2026-10-09","","suite hierarchy","",""
"","7","applies limit while total reflects pre-limit count","getFlakyTests","2026-10-09","passed","2026-10-09","","","",""
"","25","returns [] when the run has no cases","PgTestCaseRepository (integration)","2026-10-09","passed","2026-10-09","","findByTestRun","",""
"","1","accepts LOW","isFailureSeverity","2026-10-09","passed","2026-10-09","","","",""
"","37","topFailurePatterns is populated after ingestion of FAILED cases","GET /api/v1/projects/:projectId/overview (integration)","2026-10-09","passed","2026-10-09","","topFailurePatterns and topCriticalIssues","",""
"","1","returns BROKEN for SKIPPED mixed with FAILED (only failures remain after filter)","classifyReliability","2026-10-09","passed","2026-10-09","","BROKEN classifications","",""
"","2","translates page=2, limit=10 to offset=10","listRuns","2026-10-09","passed","2026-10-09","","","",""
"","152","respects opts.limit","PgFailurePatternRepository (integration)","2026-10-09","passed","2026-10-09","","listByProject","",""
"","1","processes a FAILED case with failureType only (no message)","extractFailurePatterns","2026-10-09","passed","2026-10-09","","","",""
"","59","returns status ok and database disconnected","GET /health","2026-10-09","passed","2026-10-09","","when the database is unreachable","",""
"","1","defaults run metadata to {} when absent","canonicalJsonAdapter","2026-10-09","passed","2026-10-09","","field defaults","",""
"","2","returns HEALTHY with passRate=100 / failureRate=0 when totalRuns is 0","getProjectHealth","2026-10-09","passed","2026-10-09","","","",""
"","5","parses a basic Jest report","jestAdapter","2026-10-09","passed","2026-10-09","","happy path","",""
"","1","returns false for non-pg-shaped input: {""code"": 23503}","isForeignKeyViolation","2026-10-09","passed","2026-10-09","","","",""
"","0","does not attach failureMessage for passed results","jestAdapter","2026-10-09","passed","2026-10-09","","failureMessage extraction","",""
"","1","returns CRITICAL when recentFailureRate exceeds 0.20","evaluateHealth","2026-10-09","passed","2026-10-09","","CRITICAL","",""
"","1","wraps an empty object","success","2026-10-09","passed","2026-10-09","","","",""
"","1","accepts MEDIUM","isFailureSeverity","2026-10-09","passed","2026-10-09","","","",""
"","93","page 1 (limit 10, offset 0) returns the 10 newest, with total 25","PgProjectRepository (integration)","2026-10-09","passed","2026-10-09","pagination over 25 rows","list","",""
"","24","200 returns empty items when the run has no cases","test-run query endpoints (integration)","2026-10-09","passed","2026-10-09","","GET /api/v1/projects/:projectId/runs/:runId/cases","",""
"","0","returns LOW at 0","assignSeverity","2026-10-09","passed","2026-10-09","","LOW — occurrenceCount < 5","",""
"","38","populates topCriticalIssues after ingesting three distinct BROKEN tests","GET /api/v1/projects/:projectId/overview (integration)","2026-10-09","passed","2026-10-09","","topFailurePatterns and topCriticalIssues","",""
"","25","excludes case results from other projects","PgTestCaseRepository (integration)","2026-10-09","passed","2026-10-09","","countByStatus","",""
"","1","throws a 404 error when repo.findById returns null","getProject","2026-10-09","passed","2026-10-09","","","",""
"","37","200 returns WARNING or CRITICAL when there are failing runs and broken tests","GET /api/v1/projects/:projectId/health (integration)","2026-10-09","passed","2026-10-09","","","",""
"","65","201 creates a run from a JUnit XML file upload","POST /api/v1/projects/:projectId/ingest (integration)","2026-10-09","passed","2026-10-09","","multipart path (multipart/form-data)","",""
"","28","aggregates mixed PASSED/FAILED across multiple runs for the same test","PgTestCaseRepository (integration)","2026-10-09","passed","2026-10-09","","computeReliabilitySummaries","",""
"","1","does not emit FLAKY_TESTS_HIGH at flakyTestCount=15 (boundary; > 15 required)","detectIssues","2026-10-09","passed","2026-10-09","","FLAKY_TESTS_MODERATE / FLAKY_TESTS_HIGH","",""
"","1","builds fullName as ""suite > test"" when suiteName is provided","canonicalJsonAdapter","2026-10-09","passed","2026-10-09","","fullName normalization","",""
"","105","page 2 (limit 10, offset 10) returns rows 11-20 of the ordered set, with total 25","PgProjectRepository (integration)","2026-10-09","passed","2026-10-09","pagination over 25 rows","list","",""
"","0","returns false for an error with code 23505","isForeignKeyViolation","2026-10-09","passed","2026-10-09","","","",""
"","28","returns { items: [], total: 0 } when the project has no runs","PgTestRunRepository (integration)","2026-10-09","passed","2026-10-09","","listByProject","",""
"","1","returns FLAKY for a 1-PASSED + 1-FAILED minimum mix","classifyReliability","2026-10-09","passed","2026-10-09","","FLAKY classifications","",""
"","2","emits the correct mix for a varied pattern list","detectIssues","2026-10-09","passed","2026-10-09","","HIGH_SEVERITY_PATTERN / CRITICAL_SEVERITY_PATTERN","",""
"","0","returns STABLE for an empty array (no signal)","classifyReliability","2026-10-09","passed","2026-10-09","","STABLE classifications","",""
"","1","returns HIGH at 24 with timeout (falls to HIGH via the >=20 rule)","assignSeverity","2026-10-09","passed","2026-10-09","","CRITICAL — occurrenceCount >= 25 with elevated category","",""
"","1","propagates UniqueConstraintError from repo.create without wrapping","createProject","2026-10-09","passed","2026-10-09","","","",""
"","1","skips FAILED cases with whitespace-only failureMessage AND no failureType","extractFailurePatterns","2026-10-09","passed","2026-10-09","","","",""
"","1","returns false for non-pg-shaped input: undefined","isForeignKeyViolation","2026-10-09","passed","2026-10-09","","","",""
"","21","returns 0 when the project has no runs","PgTestRunRepository (integration)","2026-10-09","passed","2026-10-09","","countByProject","",""
"","1","returns false for non-pg-shaped input: [Error: boom]","isUniqueViolation","2026-10-09","passed","2026-10-09","","","",""
"","23","persists the run when withTransaction commits","PgTestRunRepository (integration)","2026-10-09","passed","2026-10-09","","create","",""
"","26","returns patterns ordered by occurrenceCount DESC","PgFailurePatternRepository (integration)","2026-10-09","passed","2026-10-09","","listByProject","",""
"","6","returns RunResponse on happy path","getRun","2026-10-09","passed","2026-10-09","","","",""
"","1","returns cases: [] when testCases is empty","canonicalJsonAdapter","2026-10-09","passed","2026-10-09","","empty testCases","",""
"","25","increments occurrence_count on a second ingestion with the same failure","POST /api/v1/projects/:projectId/ingest (integration)","2026-10-09","passed","2026-10-09","","failure pattern extraction","",""
"","4","scrubs hex memory addresses","extractPattern","2026-10-09","passed","2026-10-09","","happy path — scrubbing volatile substrings","",""
"","2","joins ancestorTitles with "" > "" for suiteName","jestAdapter","2026-10-09","passed","2026-10-09","","ancestorTitles join","",""
"","1","returns BROKEN for a single FAILED result","classifyReliability","2026-10-09","passed","2026-10-09","","BROKEN classifications","",""
"","1","accepts playwright","isSourceType","2026-10-09","passed","2026-10-09","","","",""
"","23","overwrites severity on conflict with the latest value","PgFailurePatternRepository (integration)","2026-10-09","passed","2026-10-09","","upsertByPattern","",""
"","24","omits description from the response when not provided in the request","POST /api/v1/projects (integration)","2026-10-09","passed","2026-10-09","","201 happy path","",""
"","1","builds pattern from failureType + testName when message is whitespace","extractPattern","2026-10-09","passed","2026-10-09","","fallbacks when failureMessage is absent","",""
"","0","preserves status FAILED through parse","canonicalJsonAdapter","2026-10-09","passed","2026-10-09","","status round-trip","",""
"","22","rejects a body missing the required name field","POST /api/v1/projects (integration)","2026-10-09","passed","2026-10-09","","400 VALIDATION_ERROR","",""
"","3","topCriticalIssues is empty when project is healthy","getProjectOverview","2026-10-09","passed","2026-10-09","","topFailurePatterns and topCriticalIssues","",""
"","1","rejects non-string inputs","isTestRunStatus","2026-10-09","passed","2026-10-09","","","",""
"","1","returns WARNING at flakyTestCount = 15 (upper boundary, not yet CRITICAL)","evaluateHealth","2026-10-09","passed","2026-10-09","","WARNING","",""
"","24","persists N=1 (edge case for the placeholder builder)","PgTestCaseRepository (integration)","2026-10-09","passed","2026-10-09","","createMany","",""
"","2","emits BROKEN_TESTS_PRESENT only when brokenTestCount=1","detectIssues","2026-10-09","passed","2026-10-09","","BROKEN_TESTS_PRESENT / BROKEN_TESTS_THRESHOLD","",""
"","1","returns HIGH at exactly 20","assignSeverity","2026-10-09","passed","2026-10-09","","HIGH — occurrenceCount >= 20","",""
"","1","returns CRITICAL for brokenTestCount >> 3 (4, 10)","evaluateHealth","2026-10-09","passed","2026-10-09","","CRITICAL","",""
"","43","returns the total count of runs for the project","PgTestRunRepository (integration)","2026-10-09","passed","2026-10-09","","countByProject","",""
"","3","throws IngestionFailedError when testResults array is missing","jestAdapter","2026-10-09","passed","2026-10-09","","error cases","",""
"","23","returns null for an unknown id","PgProjectRepository (integration)","2026-10-09","passed","2026-10-09","","findById","",""
"","3","contains the spec-defined values in order","RELIABILITY_STATES","2026-10-09","passed","2026-10-09","","","",""
"","23","400 VALIDATION_ERROR for invalid days param","GET /api/v1/projects/:projectId/flaky-tests (integration)","2026-10-09","passed","2026-10-09","","","",""
"","50","201 creates a run from a canonical body with testRun and testCases","POST /api/v1/projects/:projectId/ingest (integration)","2026-10-09","passed","2026-10-09","","JSON path (application/json)","",""
"","1","returns FLAKY for a mix of PASSED and ERROR","classifyReliability","2026-10-09","passed","2026-10-09","","FLAKY classifications","",""
"","1","accepts SKIPPED","isTestCaseStatus","2026-10-09","passed","2026-10-09","","","",""
"","1","propagates infrastructure errors from repo.findById unchanged","getProject","2026-10-09","passed","2026-10-09","","","",""
"","1","accepts CRITICAL","isProjectHealthStatus","2026-10-09","passed","2026-10-09","","","",""
"","2","rejects non-string inputs","isReliabilityState","2026-10-09","passed","2026-10-09","","","",""
"","2","returns testCaseCount: 0 and calls createMany with an empty array","ingestTestRun","2026-10-09","passed","2026-10-09","","empty cases","",""
"","22","persists the run and cases atomically and returns { runId, testCaseCount }","ingestTestRun","2026-10-09","passed","2026-10-09","","","",""
"","52","200 returns buckets in date ASC order","GET /api/v1/projects/:projectId/failure-trends (integration)","2026-10-09","passed","2026-10-09","","","",""
"","1","emits BROKEN_TESTS_PRESENT only when brokenTestCount=2","detectIssues","2026-10-09","passed","2026-10-09","","BROKEN_TESTS_PRESENT / BROKEN_TESTS_THRESHOLD","",""
"","32","returns [] when the project has no runs in window","PgTestCaseRepository (integration)","2026-10-09","passed","2026-10-09","","computeReliabilitySummaries","",""
"","1","applies threshold rules at the stale boundary (exactly 30 days)","assignSeverity","2026-10-09","passed","2026-10-09","","stale precedence (lastSeenAt > 30 days ago)","",""
"","3","wraps an object payload in a { data } envelope","success","2026-10-09","passed","2026-10-09","","","",""
"","31","rejects a duplicate slug with UniqueConstraintError","PgProjectRepository (integration)","2026-10-09","passed","2026-10-09","","create","",""
"","22","404 RUN_NOT_FOUND for an unknown runId","test-run query endpoints (integration)","2026-10-09","passed","2026-10-09","","GET /api/v1/projects/:projectId/runs/:runId/cases","",""
"","3","ignores LOW and MEDIUM patterns","detectIssues","2026-10-09","passed","2026-10-09","","HIGH_SEVERITY_PATTERN / CRITICAL_SEVERITY_PATTERN","",""
"","30","200 days filter excludes executions outside the window","GET /api/v1/projects/:projectId/flaky-tests (integration)","2026-10-09","passed","2026-10-09","","","",""
"","22","keeps cross-project rows separate even when the pattern text matches","PgFailurePatternRepository (integration)","2026-10-09","passed","2026-10-09","","upsertByPattern","",""
"","46","advances last_seen_at on conflict (NOW() > original)","PgFailurePatternRepository (integration)","2026-10-09","passed","2026-10-09","","upsertByPattern","",""
"","1","truncates patterns longer than 200 characters with an ellipsis","extractPattern","2026-10-09","passed","2026-10-09","","miscellaneous","",""
"","74","returns application/json content-type","GET /health","2026-10-09","passed","2026-10-09","","when the database is reachable","",""
"","1","maps Playwright status timedOut to FAILED","playwrightAdapter","2026-10-09","passed","2026-10-09","","status mapping","",""
"","2","maps generic errors to 500 INTERNAL_ERROR without leaking internal details","error-handler plugin","2026-10-09","passed","2026-10-09","","within /api/v1","",""
"","1","computes passRate / failureRate as percentages rounded to 1 decimal","getProjectHealth","2026-10-09","passed","2026-10-09","","","",""
"","1","wraps null","success","2026-10-09","passed","2026-10-09","","","",""
"","39","returns [] when no patterns exist","PgFailurePatternRepository (integration)","2026-10-09","passed","2026-10-09","","listByProject","",""
"","1","maps Jest status pending to SKIPPED","jestAdapter","2026-10-09","passed","2026-10-09","","status mapping","",""
"","1","falls back to 'unknown' when constraint name is missing","toDomainError","2026-10-09","passed","2026-10-09","","","",""
"","0","accepts json","isSourceType","2026-10-09","passed","2026-10-09","","","",""
"","1","rethrows the original fn error (not the rollback error) and still releases","withTransaction","2026-10-09","passed","2026-10-09","","when ROLLBACK itself throws during error handling","",""
"","1","builds pattern from failureType + testName when message is empty string","extractPattern","2026-10-09","passed","2026-10-09","","fallbacks when failureMessage is absent","",""
"","1","propagates infrastructure errors from repo.list unchanged","listProjects","2026-10-09","passed","2026-10-09","","","",""
"","2","computes runCount as passCount + failCount + skippedCount","getFlakyTests","2026-10-09","passed","2026-10-09","","","",""
"","2","populates topCriticalIssues when CRITICAL conditions fire","getProjectOverview","2026-10-09","passed","2026-10-09","","topFailurePatterns and topCriticalIssues","",""
"","2","maps IngestionFailedError to 422 INGESTION_FAILED with the adapter message","error-handler plugin","2026-10-09","passed","2026-10-09","","within /api/v1","",""
"","3","returns HEALTHY when totalRuns is 0 even if other inputs look bad","evaluateHealth","2026-10-09","passed","2026-10-09","","HEALTHY","",""
"","10","returns OverviewResponse with all counts, rates, status, and lists","getProjectOverview","2026-10-09","passed","2026-10-09","","","",""
"","1","processes a FAILED case with failureMessage only (no type)","extractFailurePatterns","2026-10-09","passed","2026-10-09","","","",""
"","2","maps 404 on /api/v1/projects/*/runs/* to 404 RUN_NOT_FOUND (more specific than the projects branch)","error-handler plugin","2026-10-09","passed","2026-10-09","","within /api/v1","",""
"","0","returns null for unmapped input: ""oops""","toDomainError","2026-10-09","passed","2026-10-09","","","",""
"","47","breaks ties on parent ingested_at DESC when executed_at values are NULL","PgTestCaseRepository (integration)","2026-10-09","passed","2026-10-09","","findRecentByFullName","",""
"","239","200 respects the limit query parameter","GET /api/v1/projects/:projectId/failure-patterns (integration)","2026-10-09","passed","2026-10-09","","","",""
"","1","returns CRITICAL for flakyTestCount > 15","evaluateHealth","2026-10-09","passed","2026-10-09","","CRITICAL","",""
"","37","topFailurePatterns and topCriticalIssues are empty arrays for a healthy project","GET /api/v1/projects/:projectId/overview (integration)","2026-10-09","passed","2026-10-09","","topFailurePatterns and topCriticalIssues","",""
"","0","returns false for non-pg-shaped input: {}","isUniqueViolation","2026-10-09","passed","2026-10-09","","","",""
"","1","opens exactly one transaction (pool.connect called once)","ingestTestRun","2026-10-09","passed","2026-10-09","","transactional persistence","",""
"","23","returns the total count of case results for the project","PgTestCaseRepository (integration)","2026-10-09","passed","2026-10-09","","countByProject","",""
"","1","returns WARNING for brokenTestCount = 1","evaluateHealth","2026-10-09","passed","2026-10-09","","WARNING","",""
"","1","returns no pattern issues for an empty patterns array","detectIssues","2026-10-09","passed","2026-10-09","","HIGH_SEVERITY_PATTERN / CRITICAL_SEVERITY_PATTERN","",""
"","2","throws IngestionFailedError when body is not an object","canonicalJsonAdapter","2026-10-09","passed","2026-10-09","","defensive validation","",""
"","25","excludes case results belonging to a different project","PgTestCaseRepository (integration)","2026-10-09","passed","2026-10-09","","countByProject","",""
"","0","defaults retryCount to 0 when absent","canonicalJsonAdapter","2026-10-09","passed","2026-10-09","","field defaults","",""
"","1","wraps an array payload in a { data } envelope","success","2026-10-09","passed","2026-10-09","","","",""
"","1","returns CRITICAL at 25 with timeout category","assignSeverity","2026-10-09","passed","2026-10-09","","CRITICAL — occurrenceCount >= 25 with elevated category","",""
"","26","excludes cases from other runs","PgTestCaseRepository (integration)","2026-10-09","passed","2026-10-09","","findByTestRun","",""
"","22","rejects an unknown field in the body (additionalProperties: false)","POST /api/v1/projects (integration)","2026-10-09","passed","2026-10-09","","400 VALIDATION_ERROR","",""
"","26","propagates overrides (branch, environment) as form fields onto the persisted run","POST /api/v1/projects/:projectId/ingest (integration)","2026-10-09","passed","2026-10-09","","multipart path (multipart/form-data)","",""
"","61","200 returns full overview shape with ingested data","GET /api/v1/projects/:projectId/overview (integration)","2026-10-09","passed","2026-10-09","","","",""
"","33","round-trips nested JSONB metadata","PgTestCaseRepository (integration)","2026-10-09","passed","2026-10-09","","createMany","",""
"","1","does not allow overrides to override status — derived status wins","ingestTestRun","2026-10-09","passed","2026-10-09","","overrides merging","",""
"","23","maps all FailurePattern entity fields correctly","PgFailurePatternRepository (integration)","2026-10-09","passed","2026-10-09","","listByProject","",""
"","2","throws 404 Run not found when runRepo.findById returns null","getRun","2026-10-09","passed","2026-10-09","","","",""
"","1","returns HIGH at 25 with unknown category","assignSeverity","2026-10-09","passed","2026-10-09","","CRITICAL — occurrenceCount >= 25 with elevated category","",""
"","0","accepts HIGH","isFailureSeverity","2026-10-09","passed","2026-10-09","","","",""
"","25","sorts cases from NULL-executedAt runs after non-NULL (NULLS LAST)","PgTestCaseRepository (integration)","2026-10-09","passed","2026-10-09","","findRecentByFullName","",""
"","1","returns an empty payload when repo returns no items","listProjects","2026-10-09","passed","2026-10-09","","","",""
"","1","preserves the payload reference (does not clone)","success","2026-10-09","passed","2026-10-09","","","",""
"","2","maps 404 on /api/v1/projects/* to 404 PROJECT_NOT_FOUND","error-handler plugin","2026-10-09","passed","2026-10-09","","within /api/v1","",""
"","25","404 PROJECT_NOT_FOUND for unknown projectId","test-run query endpoints (integration)","2026-10-09","passed","2026-10-09","","GET /api/v1/projects/:projectId/runs","",""
"","29","200 returns empty when all tests are stable","GET /api/v1/projects/:projectId/flaky-tests (integration)","2026-10-09","passed","2026-10-09","","","",""
"","26","returns buckets in date ASC order (oldest first)","PgTestRunRepository (integration)","2026-10-09","passed","2026-10-09","","findFailureTrend","",""
"","1","accepts FAILED","isTestCaseStatus","2026-10-09","passed","2026-10-09","","","",""
"","1","attaches projectId and the created testRunId to every case","ingestTestRun","2026-10-09","passed","2026-10-09","","field injection from input","",""
"","0","returns null for unmapped input: {""code"": 23505}","toDomainError","2026-10-09","passed","2026-10-09","","","",""
"","2","runs ROLLBACK, releases, and rethrows the same error instance","withTransaction","2026-10-09","passed","2026-10-09","","when fn throws","",""
"","22","persists timeout category for a timeout-flavoured failure","POST /api/v1/projects/:projectId/ingest (integration)","2026-10-09","passed","2026-10-09","","failure pattern extraction","",""
"","48","groups runs from the same week into one bucket when bucketSize is ""week""","PgTestRunRepository (integration)","2026-10-09","passed","2026-10-09","","findFailureTrend","",""
"","1","returns WARNING for brokenTestCount = 2","evaluateHealth","2026-10-09","passed","2026-10-09","","WARNING","",""
"","3","throws IngestionFailedError when suites array is missing","playwrightAdapter","2026-10-09","passed","2026-10-09","","error cases","",""
"","22","applies default pagination (page=1, limit=50) when no query is provided","GET /api/v1/projects (integration)","2026-10-09","passed","2026-10-09","","200 success","",""
"","5","sorts by failCount DESC (most failing first)","getFlakyTests","2026-10-09","passed","2026-10-09","","","",""
"","0","returns false for non-pg-shaped input: ""oops""","isForeignKeyViolation","2026-10-09","passed","2026-10-09","","","",""
"","6","throws 404 when project does not exist","getProjectOverview","2026-10-09","passed","2026-10-09","","","",""
"","5","invokes the pattern repo once per distinct failure on FAILED cases","ingestTestRun","2026-10-09","passed","2026-10-09","","failure pattern extraction","",""
"","1","includes the count in BROKEN_TESTS_PRESENT message","detectIssues","2026-10-09","passed","2026-10-09","","message content","",""
"","22","400 when format is not one of the allowed values","POST /api/v1/projects/:projectId/ingest (integration)","2026-10-09","passed","2026-10-09","","multipart path (multipart/form-data)","",""
"","22","returns 0 when the project has no test case results","PgTestCaseRepository (integration)","2026-10-09","passed","2026-10-09","","countByProject","",""
"","41","persists exact canonical pattern string with assertion category and LOW severity for a single occurrence","POST /api/v1/projects/:projectId/ingest (integration)","2026-10-09","passed","2026-10-09","","failure pattern extraction","",""
"","1","forwards the days argument to computeReliabilitySummaries","getFlakyTests","2026-10-09","passed","2026-10-09","","","",""
"","26","returns one bucket per day with totalRuns, failedRuns, and passRate","PgTestRunRepository (integration)","2026-10-09","passed","2026-10-09","","findFailureTrend","",""
"","21","422 INGESTION_FAILED when the uploaded file is not valid JSON","POST /api/v1/projects/:projectId/ingest (integration)","2026-10-09","passed","2026-10-09","","multipart path (multipart/form-data)","",""
"","23","filters by branch AND environment together","PgTestRunRepository (integration)","2026-10-09","passed","2026-10-09","","listByProject","",""
"","10","maps patterns to FailurePatternItem[] on happy path","getFailurePatterns","2026-10-09","passed","2026-10-09","","","",""
"","26","400 VALIDATION_ERROR when body has an unknown top-level field","POST /api/v1/projects/:projectId/ingest (integration)","2026-10-09","passed","2026-10-09","","JSON path (application/json)","",""
"","89","paginates with page=2 and limit=2 across 5 items","GET /api/v1/projects (integration)","2026-10-09","passed","2026-10-09","","200 success","",""
"","1","returns CRITICAL at 25 with database category","assignSeverity","2026-10-09","passed","2026-10-09","","CRITICAL — occurrenceCount >= 25 with elevated category","",""
"","193","200 returns empty items when no patterns exist","GET /api/v1/projects/:projectId/failure-patterns (integration)","2026-10-09","passed","2026-10-09","","","",""
"","1","omits suiteName and uses testName alone when ancestorTitles is empty","jestAdapter","2026-10-09","passed","2026-10-09","","ancestorTitles join","",""
"","3","parses a single-suite, single-spec, single-test report","playwrightAdapter","2026-10-09","passed","2026-10-09","","happy path","",""
"","28","200 returns zero counts and HEALTHY for an empty project","GET /api/v1/projects/:projectId/overview (integration)","2026-10-09","passed","2026-10-09","","","",""
"","28","returns all runs for the project with no filter","PgTestRunRepository (integration)","2026-10-09","passed","2026-10-09","","listByProject","",""
"","1","returns cases: [] when suites is empty","playwrightAdapter","2026-10-09","passed","2026-10-09","","empty inputs","",""
"","1","accepts SUCCESS","isTestRunStatus","2026-10-09","passed","2026-10-09","","","",""
"","1","does not attach a failureMessage for passed results","playwrightAdapter","2026-10-09","passed","2026-10-09","","failure message extraction","",""
"","1","returns MEDIUM at 19","assignSeverity","2026-10-09","passed","2026-10-09","","HIGH — occurrenceCount >= 20","",""
"","2","passes name, slug, and description through to repo.create unchanged","createProject","2026-10-09","passed","2026-10-09","","","",""
"","7","throws IngestionFailedError when input.kind is json","junitXmlAdapter","2026-10-09","passed","2026-10-09","","error cases","",""
"","2","emits BOTH PASS_RATE_LOW and PASS_RATE_CRITICAL at recentFailureRate=0.25","detectIssues","2026-10-09","passed","2026-10-09","","PASS_RATE_LOW / PASS_RATE_CRITICAL","",""
"","2","classifies HEALTHY when there are no failures, broken, or flaky","getProjectHealth","2026-10-09","passed","2026-10-09","","","",""
"","0","returns BROKEN for a mix of FAILED and ERROR (both treated as failures)","classifyReliability","2026-10-09","passed","2026-10-09","","BROKEN classifications","",""
"","1","preserves the generic return type of fn","withTransaction","2026-10-09","passed","2026-10-09","","happy path","",""
"","21","returns null for an unknown id","PgTestRunRepository (integration)","2026-10-09","passed","2026-10-09","","findById","",""
"","1","returns CRITICAL at recentFailureRate = 1.0 (every recent run failed)","evaluateHealth","2026-10-09","passed","2026-10-09","","CRITICAL","",""
"","2","throws 404 when project does not exist","getFailurePatterns","2026-10-09","passed","2026-10-09","","","",""
"","1","omits executedAt when stats.startTime is absent","playwrightAdapter","2026-10-09","passed","2026-10-09","","empty inputs","",""
"","1","includes the occurrenceCount in HIGH_SEVERITY_PATTERN message","detectIssues","2026-10-09","passed","2026-10-09","","message content","",""
"","7","throws IngestionFailedError on malformed XML","junitXmlAdapter","2026-10-09","passed","2026-10-09","","error cases","",""
"","0","builds pattern from failureType + testName when message is undefined","extractPattern","2026-10-09","passed","2026-10-09","","fallbacks when failureMessage is absent","",""
"","25","persists cases when withTransaction commits","PgTestCaseRepository (integration)","2026-10-09","passed","2026-10-09","","createMany","",""
"","33","200 returns runs with correct items, total, page, limit","test-run query endpoints (integration)","2026-10-09","passed","2026-10-09","","GET /api/v1/projects/:projectId/runs","",""
"","1","flattens assertionResults across multiple testResult files","jestAdapter","2026-10-09","passed","2026-10-09","","ancestorTitles join","",""
"","28","returns all projects with correct total when items exist","GET /api/v1/projects (integration)","2026-10-09","passed","2026-10-09","","200 success","",""
"","0","returns LOW at 1","assignSeverity","2026-10-09","passed","2026-10-09","","LOW — occurrenceCount < 5","",""
"","2","throws IngestionFailedError when a spec is missing title","playwrightAdapter","2026-10-09","passed","2026-10-09","","error cases","",""
"","2","emits FLAKY_TESTS_MODERATE only at flakyTestCount=6","detectIssues","2026-10-09","passed","2026-10-09","","FLAKY_TESTS_MODERATE / FLAKY_TESTS_HIGH","",""
"","1","throws IngestionFailedError when no testsuite or testsuites root is present","junitXmlAdapter","2026-10-09","passed","2026-10-09","","error cases","",""
"","1","returns empty arrays when project is healthy","getProjectHealth","2026-10-09","passed","2026-10-09","","warnings and critical issues","",""
"","1","empty overrides preserves parsed branch and environment","ingestTestRun","2026-10-09","passed","2026-10-09","","overrides merging","",""
"","22","201 creates a run with testCaseCount: 0 when testCases is empty","POST /api/v1/projects/:projectId/ingest (integration)","2026-10-09","passed","2026-10-09","","JSON path (application/json)","",""
"","8","throws IngestionFailedError when body is not an object","jestAdapter","2026-10-09","passed","2026-10-09","","error cases","",""
"","11","returns a full HealthResponse with windowDays echoed","getProjectHealth","2026-10-09","passed","2026-10-09","","","",""
"","1","returns cases: [] for an empty testsuite (no testcases)","junitXmlAdapter","2026-10-09","passed","2026-10-09","","empty inputs","",""
"","7","extracts failureType from <error type=...> as well","junitXmlAdapter","2026-10-09","passed","2026-10-09","","failure and error extraction","",""
"","22","does NOT persist the run when withTransaction rolls back","PgTestRunRepository (integration)","2026-10-09","passed","2026-10-09","","create","",""
"","52","classifies flaky and broken tests correctly when populated through ingestion","GET /api/v1/projects/:projectId/flaky-tests (integration)","2026-10-09","passed","2026-10-09","","seeded via ingest endpoint","",""
"","1","passes the TxClient through to every upsertByPattern call","extractFailurePatterns","2026-10-09","passed","2026-10-09","","","",""
"","4","maps Playwright status failed to FAILED","playwrightAdapter","2026-10-09","passed","2026-10-09","","status mapping","",""
"","0","detects database category from ""postgres""","extractPattern","2026-10-09","passed","2026-10-09","","category detection","",""
"","1","returns without issuing any query for empty input","PgTestCaseRepository (unit)","2026-10-09","passed","2026-10-09","","createMany","",""
"","2","maps Jest status passed to PASSED","jestAdapter","2026-10-09","passed","2026-10-09","","status mapping","",""
"","0","applies threshold rules when not stale (29 days ago)","assignSeverity","2026-10-09","passed","2026-10-09","","stale precedence (lastSeenAt > 30 days ago)","",""
"","1","throws IngestionFailedError when testCases is missing","canonicalJsonAdapter","2026-10-09","passed","2026-10-09","","defensive validation","",""
"","1","detects database category from ""deadlock""","extractPattern","2026-10-09","passed","2026-10-09","","category detection","",""
"","1","rejects unknown strings","isTestRunStatus","2026-10-09","passed","2026-10-09","","","",""
"","1","throws IngestionFailedError when executedAt is not a valid date","canonicalJsonAdapter","2026-10-09","passed","2026-10-09","","defensive validation","",""
"","1","returns LOW at 4","assignSeverity","2026-10-09","passed","2026-10-09","","MEDIUM — occurrenceCount >= 5","",""
"","5","does not emit when brokenTestCount=0","detectIssues","2026-10-09","passed","2026-10-09","","BROKEN_TESTS_PRESENT / BROKEN_TESTS_THRESHOLD","",""
"","1","limits topFailurePatterns to 5 even when more patterns exist","getProjectOverview","2026-10-09","passed","2026-10-09","","topFailurePatterns and topCriticalIssues","",""
"","150","returns HTTP 200","GET /health","2026-10-09","passed","2026-10-09","","when the database is reachable","",""
"","1","formats pass rate as a percentage rounded to one decimal","detectIssues","2026-10-09","passed","2026-10-09","","message content","",""
"","22","404 PROJECT_NOT_FOUND for unknown projectId","GET /api/v1/projects/:projectId/flaky-tests (integration)","2026-10-09","passed","2026-10-09","","","",""
"","31","404 PROJECT_NOT_FOUND for unknown projectId","GET /api/v1/projects/:projectId/failure-trends (integration)","2026-10-09","passed","2026-10-09","","","",""
"","1","returns CRITICAL when both CRITICAL and WARNING conditions are met (CRITICAL wins)","evaluateHealth","2026-10-09","passed","2026-10-09","","precedence","",""
"","1","returns null for unmapped input: {""code"": ""99999""}","toDomainError","2026-10-09","passed","2026-10-09","","","",""
"","9","parses a <testsuites> wrapper with one suite and mixed cases","junitXmlAdapter","2026-10-09","passed","2026-10-09","","happy path","",""
"","7","does not emit PASS_RATE_CRITICAL at recentFailureRate=0.20 (boundary; > 0.20 required)","detectIssues","2026-10-09","passed","2026-10-09","","PASS_RATE_LOW / PASS_RATE_CRITICAL","",""
"","1","emits CRITICAL_SEVERITY_PATTERN once per CRITICAL pattern; CRITICAL does NOT also fire the HIGH warning","detectIssues","2026-10-09","passed","2026-10-09","","HIGH_SEVERITY_PATTERN / CRITICAL_SEVERITY_PATTERN","",""
"","27","filters by environment only","PgTestRunRepository (integration)","2026-10-09","passed","2026-10-09","","listByProject","",""
"","26","rolls back TestRun AND its cases together when withTransaction throws (cross-table atomicity)","PgTestCaseRepository (integration)","2026-10-09","passed","2026-10-09","","createMany","",""
"","1","wraps an empty array","success","2026-10-09","passed","2026-10-09","","","",""
"","1","does not emit at recentFailureRate=0.05 (boundary; > 0.05 required)","detectIssues","2026-10-09","passed","2026-10-09","","PASS_RATE_LOW / PASS_RATE_CRITICAL","",""
"","1","does not attempt ROLLBACK, releases, and rethrows the BEGIN error","withTransaction","2026-10-09","passed","2026-10-09","","when BEGIN itself throws","",""
"","169","404 PROJECT_NOT_FOUND for unknown projectId","GET /api/v1/projects/:projectId/failure-patterns (integration)","2026-10-09","passed","2026-10-09","","","",""
"","0","falls back to result.error.message when errors[] is absent","playwrightAdapter","2026-10-09","passed","2026-10-09","","failure message extraction","",""
"","2","takes the last result and counts retries as results.length - 1","playwrightAdapter","2026-10-09","passed","2026-10-09","","retries","",""
"","1","reports retryCount=0 for a single result","playwrightAdapter","2026-10-09","passed","2026-10-09","","retries","",""
"","23","inserts a new pattern with occurrenceCount=1 and matching timestamps","PgFailurePatternRepository (integration)","2026-10-09","passed","2026-10-09","","upsertByPattern","",""
"","23","400 when the format field is missing","POST /api/v1/projects/:projectId/ingest (integration)","2026-10-09","passed","2026-10-09","","multipart path (multipart/form-data)","",""
"","0","produces the same pattern for two messages differing only in hex address","extractPattern","2026-10-09","passed","2026-10-09","","pattern stability","",""
"","23","omits description from the response when the project has no description","GET /api/v1/projects/:projectId (integration)","2026-10-09","passed","2026-10-09","","200 hit","",""
"","98","400 VALIDATION_ERROR for invalid limit","GET /api/v1/projects/:projectId/failure-patterns (integration)","2026-10-09","passed","2026-10-09","","","",""
"","42","emits BROKEN_TESTS_THRESHOLD critical when three distinct tests are BROKEN via ingest","GET /api/v1/projects/:projectId/health (integration)","2026-10-09","passed","2026-10-09","","warnings and critical issues","",""
"","1","falls back to ""Unknown failure in <testName>"" when both message and type are empty","extractPattern","2026-10-09","passed","2026-10-09","","fallbacks when failureMessage is absent","",""
"","92","last page (limit 10, offset 20) returns the partial 5-row tail, with total 25","PgProjectRepository (integration)","2026-10-09","passed","2026-10-09","pagination over 25 rows","list","",""
"","24","returns the project for a known slug","PgProjectRepository (integration)","2026-10-09","passed","2026-10-09","","findBySlug","",""
"","59","returns HTTP 200","GET /health","2026-10-09","passed","2026-10-09","","when the database is unreachable","",""
"","1","throws 404 when project does not exist","getFailureTrends","2026-10-09","passed","2026-10-09","","","",""
"","5","returns mapped items, total, page, limit on happy path","listRuns","2026-10-09","passed","2026-10-09","","","",""
"","33","paginates correctly over 12 rows with executed_at DESC ordering","PgTestRunRepository (integration)","2026-10-09","passed","2026-10-09","","listByProject","",""
"","2","counts FLAKY summaries as flakyTestCount, BROKEN as brokenTestCount, STABLE as neither","getProjectHealth","2026-10-09","passed","2026-10-09","","","",""
"","27","warnings array stays empty after ingesting only PASSED cases","GET /api/v1/projects/:projectId/health (integration)","2026-10-09","passed","2026-10-09","","warnings and critical issues","",""
"","46","returns the project envelope including description when present","GET /api/v1/projects/:projectId (integration)","2026-10-09","passed","2026-10-09","","200 hit","",""
"","1","accepts PASSED","isTestCaseStatus","2026-10-09","passed","2026-10-09","","","",""
"","1","returns WARNING when recentFailureRate crosses the 5% boundary","evaluateHealth","2026-10-09","passed","2026-10-09","","WARNING","",""
"","23","reaches occurrenceCount=5 after five upserts","PgFailurePatternRepository (integration)","2026-10-09","passed","2026-10-09","","upsertByPattern","",""
"","3","joins suiteName and testName with "" > "" when suiteName is provided","normalizeFullName","2026-10-09","passed","2026-10-09","","","",""
"","28","returns { items: [], total: 0 } for an empty table","PgProjectRepository (integration)","2026-10-09","passed","2026-10-09","","list","",""
"","1","passes the acquired client through to nested repository calls","withTransaction","2026-10-09","passed","2026-10-09","","optional-client composition","",""
"","1","returns STABLE for a single PASSED result","classifyReliability","2026-10-09","passed","2026-10-09","","STABLE classifications","",""
"","0","processes ERROR cases the same as FAILED cases","extractFailurePatterns","2026-10-09","passed","2026-10-09","","","",""
"","23","persists no failure_patterns rows when every case PASSED","POST /api/v1/projects/:projectId/ingest (integration)","2026-10-09","passed","2026-10-09","","failure pattern extraction","",""
"","1","preserves status PASSED through parse","canonicalJsonAdapter","2026-10-09","passed","2026-10-09","","status round-trip","",""
"","2","forwards days and bucketSize to runRepo.findFailureTrend","getFailureTrends","2026-10-09","passed","2026-10-09","","","",""
"","0","returns null for a generic Error","toDomainError","2026-10-09","passed","2026-10-09","","","",""
"","1","preserves the input type through the generic parameter","success","2026-10-09","passed","2026-10-09","","","",""
"","24","returns [] when no runs exist in the window","PgTestRunRepository (integration)","2026-10-09","passed","2026-10-09","","findFailureTrend","",""
"","19","maps Ajv validation errors to 400 VALIDATION_ERROR","error-handler plugin","2026-10-09","passed","2026-10-09","","within /api/v1","",""
"","2","returns the Project entity from repo.create","createProject","2026-10-09","passed","2026-10-09","","","",""
"","1","returns WARNING at the upper recentFailureRate boundary (= 0.20, not yet CRITICAL)","evaluateHealth","2026-10-09","passed","2026-10-09","","WARNING","",""
"","1","returns BROKEN when all results are ERROR","classifyReliability","2026-10-09","passed","2026-10-09","","BROKEN classifications","",""
"","23","rolls back via withTransaction — no row persists when the tx throws","PgFailurePatternRepository (integration)","2026-10-09","passed","2026-10-09","","upsertByPattern","",""
"","2","maps an <error> child element to FAILED","junitXmlAdapter","2026-10-09","passed","2026-10-09","","status mapping","",""
"","1","limits topFlakyTests to 5 items, sorted by failCount DESC","getProjectOverview","2026-10-09","passed","2026-10-09","","","",""
"","2","throws 404 when the run belongs to a different project","getRunCases","2026-10-09","passed","2026-10-09","","","",""
"","3","returns STABLE when all results are PASSED","classifyReliability","2026-10-09","passed","2026-10-09","","STABLE classifications","",""
"","1","returns FLAKY for PASSED + FAILED + ERROR mix","classifyReliability","2026-10-09","passed","2026-10-09","","FLAKY classifications","",""
"","4","parses a complete body with testRun metadata and testCases","canonicalJsonAdapter","2026-10-09","passed","2026-10-09","","happy path","",""
"","27","200 returns CaseResponse items for the run","test-run query endpoints (integration)","2026-10-09","passed","2026-10-09","","GET /api/v1/projects/:projectId/runs/:runId/cases","",""
"","1","does not call upsertByPattern at all when cases is empty","extractFailurePatterns","2026-10-09","passed","2026-10-09","","","",""
"","1","returns null for unmapped input: 42","toDomainError","2026-10-09","passed","2026-10-09","","","",""
"","25","404 RUN_NOT_FOUND when runId belongs to a different project","test-run query endpoints (integration)","2026-10-09","passed","2026-10-09","","GET /api/v1/projects/:projectId/runs/:runId","",""
"","1","returns an error object with exactly two keys (code, message)","failure","2026-10-09","passed","2026-10-09","","","",""
"","1","returns false for non-pg-shaped input: 42","isUniqueViolation","2026-10-09","passed","2026-10-09","","","",""
"","28","200 honours the branch filter","test-run query endpoints (integration)","2026-10-09","passed","2026-10-09","","GET /api/v1/projects/:projectId/runs","",""
"","22","persists via withTransaction when the tx commits","PgFailurePatternRepository (integration)","2026-10-09","passed","2026-10-09","","upsertByPattern","",""
"","1","leaves optional run fields undefined when absent","canonicalJsonAdapter","2026-10-09","passed","2026-10-09","","optional testRun fields","",""
"","0","detects network category from ECONNREFUSED","extractPattern","2026-10-09","passed","2026-10-09","","category detection","",""
"","3","contains the spec-defined values in order","TEST_CASE_STATUSES","2026-10-09","passed","2026-10-09","","","",""
"","1","uses new Date() when now is omitted (recent lastSeenAt → not stale)","assignSeverity","2026-10-09","passed","2026-10-09","","now defaulting","",""
"","25","200 weekly bucketing groups runs from the same ISO week into one bucket","GET /api/v1/projects/:projectId/failure-trends (integration)","2026-10-09","passed","2026-10-09","","","",""
"","2","returns empty arrays when totalRuns is 0 even with high inputs","detectIssues","2026-10-09","passed","2026-10-09","","","",""
"","1","returns false for an error with code 23503","isUniqueViolation","2026-10-09","passed","2026-10-09","","","",""
"","1","returns testName alone when suiteName is undefined","normalizeFullName","2026-10-09","passed","2026-10-09","","","",""
"","1","throws IngestionFailedError when an assertion is missing a title","jestAdapter","2026-10-09","passed","2026-10-09","","error cases","",""
"","12","throws IngestionFailedError when input.kind is xml","jestAdapter","2026-10-09","passed","2026-10-09","","error cases","",""
"","26","rejects unknown testRunId with ForeignKeyError","PgTestCaseRepository (integration)","2026-10-09","passed","2026-10-09","","createMany","",""
"","2","rejects non-string inputs","isFailureSeverity","2026-10-09","passed","2026-10-09","","","",""
"","26","excludes runs whose executedAt falls outside the window","PgTestCaseRepository (integration)","2026-10-09","passed","2026-10-09","","computeReliabilitySummaries","",""
"","1","maps Jest status failed to FAILED","jestAdapter","2026-10-09","passed","2026-10-09","","status mapping","",""
"","63","persists N=3 cases for the fixture run","PgTestCaseRepository (integration)","2026-10-09","passed","2026-10-09","","createMany","",""
"","4","throws IngestionFailedError when input.kind is xml","canonicalJsonAdapter","2026-10-09","passed","2026-10-09","","wrong AdapterInput kind","",""
"","206","counts SKIPPED in skippedCount but excludes from pass/fail counts","PgTestCaseRepository (integration)","2026-10-09","passed","2026-10-09","","computeReliabilitySummaries","",""
"","24","returns the run with the most recent executedAt","PgTestRunRepository (integration)","2026-10-09","passed","2026-10-09","","findMostRecentByProject","",""
"","2","does not wrap errors from other non-/api/v1 routes in the envelope","error-handler plugin","2026-10-09","passed","2026-10-09","","outside /api/v1 (pass-through)","",""
"","1","returns unknown for the fallback ""Unknown failure"" pattern","extractPattern","2026-10-09","passed","2026-10-09","","category detection","",""
"","2","contains the spec-defined values in order","SOURCE_TYPES","2026-10-09","passed","2026-10-09","","","",""
"","2","extracts failureMessages[0] when present on failed result","jestAdapter","2026-10-09","passed","2026-10-09","","failureMessage extraction","",""
"","78","persists a project with all fields and returns the populated entity","PgProjectRepository (integration)","2026-10-09","passed","2026-10-09","","create","",""
"","1","returns WARNING for flakyTestCount = 6 (just above the 5 boundary)","evaluateHealth","2026-10-09","passed","2026-10-09","","WARNING","",""
"","4","upserts one row per distinct pattern from FAILED cases","extractFailurePatterns","2026-10-09","passed","2026-10-09","","","",""
"","2","maps ForeignKeyError(test_runs_project_id_fkey) to 404 PROJECT_NOT_FOUND with a fixed message","error-handler plugin","2026-10-09","passed","2026-10-09","","within /api/v1","",""
"","1","rejects unknown strings","isFailureSeverity","2026-10-09","passed","2026-10-09","","","",""
"","1","returns STABLE when all results are SKIPPED (filtered to empty)","classifyReliability","2026-10-09","passed","2026-10-09","","STABLE classifications","",""
"","2","falls through to 500 INTERNAL_ERROR for ForeignKeyError on other constraints without leaking the constraint name","error-handler plugin","2026-10-09","passed","2026-10-09","","within /api/v1","",""
"","1","omits description from the repo.create payload when not provided","createProject","2026-10-09","passed","2026-10-09","","","",""
"","1","calls patternRepo.listByProject with the correct projectId and a bounded limit","getProjectHealth","2026-10-09","passed","2026-10-09","","warnings and critical issues","",""
"","1","escalates severity when batch occurrence count crosses a threshold","extractFailurePatterns","2026-10-09","passed","2026-10-09","","","",""
"","1","accepts FAILED","isTestRunStatus","2026-10-09","passed","2026-10-09","","","",""
"","3","uses overrides.environment when supplied","ingestTestRun","2026-10-09","passed","2026-10-09","","overrides merging","",""
"","0","does not mutate inputs","failure","2026-10-09","passed","2026-10-09","","","",""
"","29","counts PASSED results scoped to the project","PgTestCaseRepository (integration)","2026-10-09","passed","2026-10-09","","countByStatus","",""
"","10","uses overrides.branch when supplied","ingestTestRun","2026-10-09","passed","2026-10-09","","overrides merging","",""
"","1","omits executedAt when startTime is absent","jestAdapter","2026-10-09","passed","2026-10-09","","executedAt","",""
"","1","returns FLAKY when SKIPPED is mixed in but the non-skipped slice is still a mix","classifyReliability","2026-10-09","passed","2026-10-09","","FLAKY classifications","",""
"","9","does not emit at flakyTestCount=5 (boundary; > 5 required)","detectIssues","2026-10-09","passed","2026-10-09","","FLAKY_TESTS_MODERATE / FLAKY_TESTS_HIGH","",""
"","4","issues exactly one query() call for N=10 inputs, with N×11 parameters","PgTestCaseRepository (unit)","2026-10-09","passed","2026-10-09","","createMany","",""
"","23","rejects a slug containing uppercase characters","POST /api/v1/projects (integration)","2026-10-09","passed","2026-10-09","","400 VALIDATION_ERROR","",""
"","45","filters by branch only","PgTestRunRepository (integration)","2026-10-09","passed","2026-10-09","","listByProject","",""
"","28","isolates buckets to the requested project","PgTestRunRepository (integration)","2026-10-09","passed","2026-10-09","","findFailureTrend","",""
"","25","200 returns empty items when no runs exist in window","GET /api/v1/projects/:projectId/failure-trends (integration)","2026-10-09","passed","2026-10-09","","","",""
"","23","rejects a slug containing spaces","POST /api/v1/projects (integration)","2026-10-09","passed","2026-10-09","","400 VALIDATION_ERROR","",""
"","0","collapses runs of whitespace to a single space","extractPattern","2026-10-09","passed","2026-10-09","","miscellaneous","",""
"","1","propagates IngestionFailedError from adapter.parse without calling repos","ingestTestRun","2026-10-09","passed","2026-10-09","","error propagation","",""
"","1","detects assertion category from ""expect(""","extractPattern","2026-10-09","passed","2026-10-09","","category detection","",""
"","1","uses new Date() when now is omitted (ancient lastSeenAt → stale)","assignSeverity","2026-10-09","passed","2026-10-09","","now defaulting","",""
"","1","emits HIGH_SEVERITY_PATTERN warning when a HIGH pattern exists","getProjectHealth","2026-10-09","passed","2026-10-09","","warnings and critical issues","",""
"","1","preserves unicode characters in the test name","normalizeFullName","2026-10-09","passed","2026-10-09","","","",""
"","26","counts FAILED runs in failedRuns (PARTIAL is not counted as failed)","PgTestRunRepository (integration)","2026-10-09","passed","2026-10-09","","findFailureTrend","",""
"","1","applies defaults page=1, limit=20 when input omits them","listRuns","2026-10-09","passed","2026-10-09","","","",""
"","2","sets status = PARTIAL when only skipped cases are present","ingestTestRun","2026-10-09","passed","2026-10-09","","derived run fields","",""
"","1","emits PASS_RATE_LOW only at recentFailureRate=0.06","detectIssues","2026-10-09","passed","2026-10-09","","PASS_RATE_LOW / PASS_RATE_CRITICAL","",""
"","77","200 HEALTHY when all runs pass and no flaky/broken tests","GET /api/v1/projects/:projectId/health (integration)","2026-10-09","passed","2026-10-09","","","",""
"","9","throws 404 when project does not exist","getProjectHealth","2026-10-09","passed","2026-10-09","","","",""
"","22","returns null when the project has no runs","PgTestRunRepository (integration)","2026-10-09","passed","2026-10-09","","findMostRecentByProject","",""
"","1","accepts HEALTHY","isProjectHealthStatus","2026-10-09","passed","2026-10-09","","","",""
"","3","throws IngestionFailedError when body is not an object","playwrightAdapter","2026-10-09","passed","2026-10-09","","error cases","",""
"","1","echoes back the requested page and limit","listProjects","2026-10-09","passed","2026-10-09","","","",""
"","20","rejects unknown query parameter (additionalProperties: false)","GET /api/v1/projects (integration)","2026-10-09","passed","2026-10-09","","400 VALIDATION_ERROR","",""
"","29","returns empty warnings and criticalIssues for a healthy project","GET /api/v1/projects/:projectId/health (integration)","2026-10-09","passed","2026-10-09","","warnings and critical issues","",""
"","56","200 surfaces flaky and broken tests, excludes stable","GET /api/v1/projects/:projectId/flaky-tests (integration)","2026-10-09","passed","2026-10-09","","","",""
"","1","forwards branch, environment, status filters to runRepo.listByProject","listRuns","2026-10-09","passed","2026-10-09","","","",""
"","11","returns FLAKY and BROKEN items, excludes STABLE","getFlakyTests","2026-10-09","passed","2026-10-09","","","",""
"","1","throws IngestionFailedError when a case is missing testName","canonicalJsonAdapter","2026-10-09","passed","2026-10-09","","defensive validation","",""
"","24","404 RUN_NOT_FOUND for an unknown runId","test-run query endpoints (integration)","2026-10-09","passed","2026-10-09","","GET /api/v1/projects/:projectId/runs/:runId","",""
"","1","wraps a code and message in an { error } envelope","failure","2026-10-09","passed","2026-10-09","","","",""
"","1","returns all cases when query.status is omitted","getRunCases","2026-10-09","passed","2026-10-09","","","",""
"","1","rejects non-string inputs","isProjectHealthStatus","2026-10-09","passed","2026-10-09","","","",""
"","0","produces the same pattern for two messages differing only in UUID","extractPattern","2026-10-09","passed","2026-10-09","","pattern stability","",""
"","3","returns HEALTHY when all metrics are at their best (zero failures, zero broken, zero flaky)","evaluateHealth","2026-10-09","passed","2026-10-09","","HEALTHY","",""
"","1","propagates ForeignKeyError from runRepo.create unchanged","ingestTestRun","2026-10-09","passed","2026-10-09","","error propagation","",""
"","0","takes only the first line of a multi-line failure message","extractPattern","2026-10-09","passed","2026-10-09","","miscellaneous","",""
"","1","forwards the requested id to repo.findById","getProject","2026-10-09","passed","2026-10-09","","","",""
"","3","translates page=2, limit=10 into offset=10","listProjects","2026-10-09","passed","2026-10-09","","","",""
"","1","preserves status SKIPPED through parse","canonicalJsonAdapter","2026-10-09","passed","2026-10-09","","status round-trip","",""
"","1","returns FLAKY for a mix of PASSED and FAILED","classifyReliability","2026-10-09","passed","2026-10-09","","FLAKY classifications","",""
"","27","200 with status filter returns only matching cases","test-run query endpoints (integration)","2026-10-09","passed","2026-10-09","","GET /api/v1/projects/:projectId/runs/:runId/cases","",""
"","1","returns false for non-pg-shaped input: {""code"": 23505}","isUniqueViolation","2026-10-09","passed","2026-10-09","","","",""
"","44","emits one summary per distinct fullName","PgTestCaseRepository (integration)","2026-10-09","passed","2026-10-09","","computeReliabilitySummaries","",""
"","0","accepts BROKEN","isReliabilityState","2026-10-09","passed","2026-10-09","","","",""
"","1","returns empty result when no summaries exist","getFlakyTests","2026-10-09","passed","2026-10-09","","","",""
"","5","returns empty arrays for a healthy input with no patterns","detectIssues","2026-10-09","passed","2026-10-09","","","",""
"","1","returns CRITICAL even when only ONE CRITICAL condition is met (no need for all)","evaluateHealth","2026-10-09","passed","2026-10-09","","precedence","",""
"","2","joins ancestor titles with "" > "" for two-level nesting","playwrightAdapter","2026-10-09","passed","2026-10-09","","suite hierarchy","",""
"","1","filters by status when provided","getRunCases","2026-10-09","passed","2026-10-09","","","",""
"","3","throws 404 when project does not exist","getFlakyTests","2026-10-09","passed","2026-10-09","","","",""
"","0","returns WARNING when only ONE WARNING condition is met (no need for all)","evaluateHealth","2026-10-09","passed","2026-10-09","","precedence","",""
"","1","maps a <skipped/> child element to SKIPPED","junitXmlAdapter","2026-10-09","passed","2026-10-09","","status mapping","",""
"","24","breaks occurrenceCount ties on lastSeenAt DESC","PgFailurePatternRepository (integration)","2026-10-09","passed","2026-10-09","","listByProject","",""
"","2","detects timeout category from ""timed out""","extractPattern","2026-10-09","passed","2026-10-09","","category detection","",""
"","24","excludes runs whose executedAt is outside the days window","PgTestRunRepository (integration)","2026-10-09","passed","2026-10-09","","findFailureTrend","",""
"","3","returns the Project entity when repo.findById finds it","getProject","2026-10-09","passed","2026-10-09","","","",""
"","1","accepts PARTIAL","isTestRunStatus","2026-10-09","passed","2026-10-09","","","",""
"","2","classifies WARNING when there is one broken test","getProjectHealth","2026-10-09","passed","2026-10-09","","","",""
"","22","returns null for an unknown slug","PgProjectRepository (integration)","2026-10-09","passed","2026-10-09","","findBySlug","",""
"","83","200 returns empty list when project has no runs","test-run query endpoints (integration)","2026-10-09","passed","2026-10-09","","GET /api/v1/projects/:projectId/runs","",""
"","22","404 PROJECT_NOT_FOUND for unknown projectId","GET /api/v1/projects/:projectId/health (integration)","2026-10-09","passed","2026-10-09","","","",""
"","1","returns CRITICAL for brokenTestCount = 3","evaluateHealth","2026-10-09","passed","2026-10-09","","CRITICAL","",""
"","0","accepts junit_xml","isSourceType","2026-10-09","passed","2026-10-09","","","",""
"","1","accepts STABLE","isReliabilityState","2026-10-09","passed","2026-10-09","","","",""
"","0","produces the same pattern for two messages differing only in timestamp","extractPattern","2026-10-09","passed","2026-10-09","","pattern stability","",""
"","1","does not invoke the pattern repo when there are no FAILED/ERROR cases with signal","ingestTestRun","2026-10-09","passed","2026-10-09","","failure pattern extraction","",""
"","1","maps topFailurePatterns to 3-field subset (pattern, severity, occurrenceCount)","getProjectOverview","2026-10-09","passed","2026-10-09","","","",""
"","1","counts ERROR toward failedTests","ingestTestRun","2026-10-09","passed","2026-10-09","","derived run fields","",""
"","23","422 INGESTION_FAILED when a test case is missing testName","POST /api/v1/projects/:projectId/ingest (integration)","2026-10-09","passed","2026-10-09","","JSON path (application/json)","",""
"","1","throws 404 when the run is not found","getRunCases","2026-10-09","passed","2026-10-09","","","",""
"","1","flattens multiple <testsuite> elements within <testsuites>","junitXmlAdapter","2026-10-09","passed","2026-10-09","","root format variants","",""
"","22","round-trips all 16 input fields when populated","PgTestRunRepository (integration)","2026-10-09","passed","2026-10-09","","create","",""
"","1","defaults case metadata to {} when absent","canonicalJsonAdapter","2026-10-09","passed","2026-10-09","","field defaults","",""
"","1","accepts CRITICAL","isFailureSeverity","2026-10-09","passed","2026-10-09","","","",""
"","35","rejects a body missing the required slug field","POST /api/v1/projects (integration)","2026-10-09","passed","2026-10-09","","400 VALIDATION_ERROR","",""
"","1","returns STABLE for SKIPPED mixed with PASSED (SKIPPED ignored)","classifyReliability","2026-10-09","passed","2026-10-09","","STABLE classifications","",""
"","1","rejects unknown strings","isProjectHealthStatus","2026-10-09","passed","2026-10-09","","","",""
"","4","throws IngestionFailedError on unrecognised Playwright status","playwrightAdapter","2026-10-09","passed","2026-10-09","","error cases","",""
"","1","passes the same TxClient to both runRepo.create and caseRepo.createMany","ingestTestRun","2026-10-09","passed","2026-10-09","","transactional persistence","",""
"","2","throws 404 when project does not exist","getRun","2026-10-09","passed","2026-10-09","","","",""
"","3","propagates errors from caseRepo.createMany unchanged","ingestTestRun","2026-10-09","passed","2026-10-09","","error propagation","",""
"","1","returns MEDIUM at exactly 5","assignSeverity","2026-10-09","passed","2026-10-09","","MEDIUM — occurrenceCount >= 5","",""
"","47","returns an empty list payload when no projects exist","GET /api/v1/projects (integration)","2026-10-09","passed","2026-10-09","","200 success","",""
"","2","returns zero counts, recentPassRate=1.0, HEALTHY when project is empty","getProjectOverview","2026-10-09","passed","2026-10-09","","","",""
"","34","rejects unknown projectId with ForeignKeyError; nothing persists (all-or-nothing)","PgTestCaseRepository (integration)","2026-10-09","passed","2026-10-09","","createMany","",""
"","22","rejects a slug containing underscores or other special chars","POST /api/v1/projects (integration)","2026-10-09","passed","2026-10-09","","400 VALIDATION_ERROR","",""
"","1","returns null for unmapped input: null","toDomainError","2026-10-09","passed","2026-10-09","","","",""
"","1","extracts failureMessage from <failure> element text content","junitXmlAdapter","2026-10-09","passed","2026-10-09","","failure and error extraction","",""
"","42","is a no-op for empty input","PgTestCaseRepository (integration)","2026-10-09","passed","2026-10-09","","createMany","",""
"","0","rejects non-string inputs","isSourceType","2026-10-09","passed","2026-10-09","","","",""
"","1","keeps severity LOW for a small batch (below MEDIUM threshold)","extractFailurePatterns","2026-10-09","passed","2026-10-09","","","",""
"","45","returns the most-recently-ingested run when all have NULL executedAt (ingested_at DESC tie-breaker)","PgTestRunRepository (integration)","2026-10-09","passed","2026-10-09","","findMostRecentByProject","",""
"","31","respects the limit","PgTestCaseRepository (integration)","2026-10-09","passed","2026-10-09","","findRecentByFullName","",""
"","1","classifies CRITICAL when there are 3 broken tests","getProjectHealth","2026-10-09","passed","2026-10-09","","","",""
"","22","400 VALIDATION_ERROR for invalid bucketSize","GET /api/v1/projects/:projectId/failure-trends (integration)","2026-10-09","passed","2026-10-09","","","",""
"","1","topFailurePatterns is empty when no patterns exist","getProjectOverview","2026-10-09","passed","2026-10-09","","topFailurePatterns and topCriticalIssues","",""
"","1","deduplicates within a batch: 2 cases sharing a pattern → 1 upsert call","extractFailurePatterns","2026-10-09","passed","2026-10-09","","","",""
"","30","isolates results to the requested project","PgTestCaseRepository (integration)","2026-10-09","passed","2026-10-09","","computeReliabilitySummaries","",""
"","1","rejects non-string inputs","isTestCaseStatus","2026-10-09","passed","2026-10-09","","","",""
"","1","maps Playwright status skipped to SKIPPED","playwrightAdapter","2026-10-09","passed","2026-10-09","","status mapping","",""
"","1","detects assertion category from ""AssertionError""","extractPattern","2026-10-09","passed","2026-10-09","","category detection","",""
"","10","throws IngestionFailedError when input.kind is xml","playwrightAdapter","2026-10-09","passed","2026-10-09","","error cases","",""
"","39","persists with minimal required fields and populates id + ingestedAt","PgTestRunRepository (integration)","2026-10-09","passed","2026-10-09","","create","",""
"","24","does NOT persist cases when withTransaction rolls back","PgTestCaseRepository (integration)","2026-10-09","passed","2026-10-09","","createMany","",""
"","8","accepts ERROR","isTestCaseStatus","2026-10-09","passed","2026-10-09","","","",""
"","25","400 VALIDATION_ERROR for invalid days","GET /api/v1/projects/:projectId/failure-trends (integration)","2026-10-09","passed","2026-10-09","","","",""
"","1","returns HIGH at 25 with assertion category (not in the CRITICAL set)","assignSeverity","2026-10-09","passed","2026-10-09","","CRITICAL — occurrenceCount >= 25 with elevated category","",""
"","25","isolates patterns to the requested project","PgFailurePatternRepository (integration)","2026-10-09","passed","2026-10-09","","listByProject","",""
"","22","returns the run for a known id","PgTestRunRepository (integration)","2026-10-09","passed","2026-10-09","","findById","",""
"","4","contains the spec-defined values in order","FAILURE_SEVERITIES","2026-10-09","passed","2026-10-09","","","",""
"","37","returns all cases for the run ordered by full_name ASC","PgTestCaseRepository (integration)","2026-10-09","passed","2026-10-09","","findByTestRun","",""
"","4","scrubs file:line refs from a node-style stack frame","extractPattern","2026-10-09","passed","2026-10-09","","happy path — scrubbing volatile substrings","",""
"","1","throws 404 Run not found when the run belongs to a different project","getRun","2026-10-09","passed","2026-10-09","","","",""
"","1","accepts api","isSourceType","2026-10-09","passed","2026-10-09","","","",""
"","0","returns cases: [] when testResults is empty","jestAdapter","2026-10-09","passed","2026-10-09","","empty inputs","",""
"","3","scrubs UUIDs from messages","extractPattern","2026-10-09","passed","2026-10-09","","happy path — scrubbing volatile substrings","",""
"","26","400 VALIDATION_ERROR when sourceType is missing","POST /api/v1/projects/:projectId/ingest (integration)","2026-10-09","passed","2026-10-09","","JSON path (application/json)","",""
"","24","rejects an unknown projectId with ForeignKeyError","PgTestRunRepository (integration)","2026-10-09","passed","2026-10-09","","create","",""
"","1","returns unknown for content that matches no rule","extractPattern","2026-10-09","passed","2026-10-09","","category detection","",""
"","1","accepts FLAKY","isReliabilityState","2026-10-09","passed","2026-10-09","","","",""
"","2","maps a testcase with no failure/error/skipped to PASSED","junitXmlAdapter","2026-10-09","passed","2026-10-09","","status mapping","",""
"","1","returns false for non-pg-shaped input: ""oops""","isUniqueViolation","2026-10-09","passed","2026-10-09","","","",""
"","9","uses the testsuite name attribute as suiteName","junitXmlAdapter","2026-10-09","passed","2026-10-09","","suiteName and fullName","",""
"","0","detects database category from a SQL error","extractPattern","2026-10-09","passed","2026-10-09","","category detection","",""
"","23","404 PROJECT_NOT_FOUND when projectId is a valid UUID with no matching project","POST /api/v1/projects/:projectId/ingest (integration)","2026-10-09","passed","2026-10-09","","JSON path (application/json)","",""
"","2","sets status = SUCCESS when all cases are PASSED","ingestTestRun","2026-10-09","passed","2026-10-09","","derived run fields","",""
"","3","does not wrap errors from /health in the envelope","error-handler plugin","2026-10-09","passed","2026-10-09","","outside /api/v1 (pass-through)","",""
"","6","returns false for non-pg-shaped input: [Error: boom]","isForeignKeyViolation","2026-10-09","passed","2026-10-09","","","",""
"","38","maps null category column to undefined on the entity","PgFailurePatternRepository (integration)","2026-10-09","passed","2026-10-09","","listByProject","",""
"","25","excludes runs from other projects","PgTestRunRepository (integration)","2026-10-09","passed","2026-10-09","","listByProject","",""
"","2","rolls back the entire transaction when pattern upsert throws","ingestTestRun","2026-10-09","passed","2026-10-09","","failure pattern extraction","",""
"","24","prefers a run with executedAt over a run with NULL executedAt (NULLS LAST)","PgTestRunRepository (integration)","2026-10-09","passed","2026-10-09","","findMostRecentByProject","",""
"","24","persists one failure_patterns row per distinct failure on a FAILED ingestion","POST /api/v1/projects/:projectId/ingest (integration)","2026-10-09","passed","2026-10-09","","failure pattern extraction","",""
"","1","falls back to ""Unknown failure in <testName>"" when both message and type are absent","extractPattern","2026-10-09","passed","2026-10-09","","fallbacks when failureMessage is absent","",""
"","0","produces the same pattern for two messages differing only in numeric values","extractPattern","2026-10-09","passed","2026-10-09","","pattern stability","",""
"","1","ignores PASSED and SKIPPED cases","extractFailurePatterns","2026-10-09","passed","2026-10-09","","","",""
